name,rating,link,tag,rating_people
西部世界 第一季,8.9,https://movie.douban.com/subject/2338055/,"科幻,美剧,人工智能,HBO,人性,美国,西部,2016",211164
越狱 第一季,9.3,https://movie.douban.com/subject/1419297/?from=subject-page,"美剧,越狱,悬疑,美国,电视剧,剧情,犯罪,Prison",170248
苍穹浩瀚 第一季,8.6,https://movie.douban.com/subject/25926851/?from=subject-page,"科幻,美剧,太空,星际,美国,电视剧,Syfy,2015",17498
超感猎杀 第一季,8.9,https://movie.douban.com/subject/23011215/?from=subject-page,"美剧,科幻,Netflix,美国,沃卓斯基,2015,同性,电视剧",77379
权力的游戏 第四季,9.6,https://movie.douban.com/subject/23232876/?from=subject-page,"美剧,HBO,史诗,权力的游戏,奇幻,魔幻,美国,2014",169661
傲骨之战 第一季,9.2,https://movie.douban.com/subject/26798481/?from=subject-page,"美剧,律政,女性,法律,女权,美国,傲骨贤妻,2017",49250
绝命毒师 第一季,9.0,https://movie.douban.com/subject/2373195/?from=subject-page,"美剧,犯罪,毒品,美国,黑色幽默,剧情,电视剧,2008",152516
黑镜 第四季,8.3,https://movie.douban.com/subject/26898192/?from=subject-page,"科幻,黑镜,美剧,人性,Netflix,黑色,悬疑,2017",104040
怪奇物语 第一季,8.9,https://movie.douban.com/subject/26359270/?from=subject-page,"美剧,科幻,悬疑,Netflix,惊悚,美国,恐怖,2016",142158
千谎百计 第一季,8.7,https://movie.douban.com/subject/3103678/?from=subject-page,"Drama,美剧,行为心理学,推理,犯罪,美国,TimRoth,电视剧",122651
24小时  第一季,8.7,https://movie.douban.com/subject/1298854/?from=subject-page,"TVSeries,美剧,反恐,24小时,悬疑,动作,美国,电视剧",24917
使女的故事 第一季,8.8,https://movie.douban.com/subject/26784967/?from=subject-page,"美剧,反乌托邦,女权,女性,美国,科幻,剧情,2017",72342
英雄 第一季,8.3,https://movie.douban.com/subject/1837856/?from=subject-page,"美剧,科幻,超能力,heroes,美国,电视剧,看过的电视剧,剧情",44754
纸牌屋 第一季,9.2,https://movie.douban.com/subject/6037429/?from=subject-page,"美剧,政治,大卫·芬奇,美国,KevinSpacey,剧情,电视剧,2013",155193
老友记 第一季,9.7,https://movie.douban.com/subject/1393859/?from=subject-page,"TVseries,Friends,美剧,经典,喜剧,老友记,friends,美国",185644
实习医生格蕾 第一季,8.9,https://movie.douban.com/subject/1395471/?from=subject-page,"美剧,医生,Grey's,医务,美国,电视剧,Anatomy,剧情",55868
绝望主妇 第一季,8.8,https://movie.douban.com/subject/1337286/?from=subject-page,"美剧,家庭,绝望主妇,美国,喜剧,悬疑,女性,剧情",70091
海伯利安,,https://movie.douban.com/subject/3026565/?from=subject-page,"科幻,海伯利安,美剧,小说改编,美国,丹·西蒙斯,美国电影,高智商",
生活大爆炸  第一季,9.4,https://movie.douban.com/subject/2156528/?from=subject-page,"tbbt,Sitcom,美剧,喜剧,情景剧,生活大爆炸,美国,电视剧",244207
副本 第一季,7.6,https://movie.douban.com/subject/25814668/?from=subject-page,"科幻,美剧,Netflix,赛博朋克,美国,2018,电视剧,惊悚",20251
基地,,https://movie.douban.com/subject/3161109/?from=subject-page,"科幻,阿西莫夫,基地,经典小说改编,史诗,美国,美剧,美国电影",
太空堡垒卡拉狄加,8.7,https://movie.douban.com/subject/1920763/?from=subject-page,"科幻,美剧,太空堡垒卡拉狄加,美国,电视剧,战争,看过的电视剧,英语标签",4524
迷失 第一季,8.5,https://movie.douban.com/subject/1394819/?from=subject-page,"Lost,LOST,美剧,悬疑,lost,科幻,美国,迷失",61927
星际迷航：发现号 第一季,7.9,https://movie.douban.com/subject/26656750/?from=subject-page,"科幻,星际迷航,美剧,StarTrek,美国,2017,电视剧,看过的电视剧",5954
美国恐怖故事：谋杀屋 第一季,7.8,https://movie.douban.com/subject/6729183/?from=subject-page,"美剧,恐怖,惊悚,悬疑,美国,电视剧,2011,FX",64201
西部世界 第一季,8.9,https://movie.douban.com/subject/2338055/?from=subject-page,"科幻,美剧,人工智能,HBO,人性,美国,西部,2016",211165
真实的人类 第一季,8.4,https://movie.douban.com/subject/26170816/?from=subject-page,"科幻,英剧,人工智能,美剧,英国,人性,2015,电视剧",31889
火线 第一季,9.4,https://movie.douban.com/subject/1418199/?from=subject-page,"美剧,HBO,犯罪,美国,电视剧,剧情,TheWire,2002",15008
爱，死亡和机器人 第一季,9.1,https://movie.douban.com/subject/30424374/?from=subject-page,"科幻,动画,netflix,短片集,赛博朋克,美国,奇幻,2019",278223
心灵猎人 第一季,8.9,https://movie.douban.com/subject/26691486/?from=subject-page,"美剧,犯罪,心理,悬疑,Netflix,美国,2017,电视剧",54101
真探 第一季,9.3,https://movie.douban.com/subject/10748120/?from=subject-page,"美剧,悬疑,犯罪,HBO,美国,MatthewMcConaughey,2014,电视剧",109200
环形物语,,https://movie.douban.com/subject/30277286/?from=subject-page,"科幻,美剧,2020,美国,电视剧,改编,剧情,期待",
蛇蝎女佣 第一季,7.9,https://movie.douban.com/subject/10577737/?from=subject-page,"美剧,女性,美国,悬疑,2013,剧情,看过的电视剧,电视剧",22551
绯闻女孩 第一季,7.9,https://movie.douban.com/subject/2078864/?from=subject-page,"TVseries,TVSeries,美剧,青春,gossipgirl,gossip,美国,girl",105335
年轻的教宗,9.1,https://movie.douban.com/subject/25884125/?from=subject-page,"宗教,裘德洛,美剧,HBO,意大利,电视剧,2016,美国",23538
异星灾变,,https://movie.douban.com/subject/30345691/?from=subject-page,"科幻,美剧,雷德利·斯科特,美国,剧集,电影,崔维斯·费米尔,剧情",
好汉两个半  第一季,8.6,https://movie.douban.com/subject/3761148/?from=subject-page,"美剧,喜剧,美国,情景喜剧,电视剧,好汉两个半,看过的电视剧,comedy",20267
白宫风云 第一季,9.1,https://movie.douban.com/subject/1395469/?from=subject-page,"美剧,政治,美国,电视剧,politics,NBC,看过的电视剧,英语标签",5083
苍穹浩瀚 第五季,,https://movie.douban.com/subject/34725334/?from=subject-page,"科幻,苍穹浩瀚,美剧,宇宙,科幻电视剧,无垠的太空,美国,剧情",
国土安全  第一季,8.3,https://movie.douban.com/subject/5413527/?from=subject-page,"美剧,反恐,悬疑,美国,政治,剧情,2011,战争",51600
星际迷航：发现号之短途 第二季,,https://movie.douban.com/subject/34660826/?from=subject-page,"科幻,美国,短片,星际迷航,美剧,电视剧,帕特里克·斯图尔特,剧情",
星际旅行：下一代 第一季,8.8,https://movie.douban.com/subject/1738970/?from=subject-page,"科幻,美剧,startrek,星际迷航,星舰迷航,美国,StarTrek:TNG,星际旅行",926
星际迷航：再续原初 第一季,8.9,https://movie.douban.com/subject/24735159/?from=subject-page,"科幻,星际迷航,美剧,StarTrek,星际旅行,美国,冒险,经典",180
低俗怪谈 第一季,7.7,https://movie.douban.com/subject/22992200/?from=subject-page,"英剧,恐怖,美剧,EvaGreen,奇幻,2014,英国,Showtime",17399
复生 第一季,8.7,https://movie.douban.com/subject/21973146/?from=subject-page,"英剧,BBC,僵尸,丧尸,英国,迷你剧,2013,科幻",16206
皇家律师  第一季,9.2,https://movie.douban.com/subject/5919662/?from=subject-page,"英剧,律政,BBC,法律,英国,电视剧,2011,女性",23771
福斯特医生 第一季,8.8,https://movie.douban.com/subject/26388908/?from=subject-page,"英剧,英国,家庭,BBC,伦理,人性,婚姻,剧情",39124
美国犯罪故事 第一季,8.7,https://movie.douban.com/subject/26101233/?from=subject-page,"美剧,犯罪,美国,悬疑,剧情,2016,FX,法律",17145
尼克病院 第一季,8.6,https://movie.douban.com/subject/24736837/?from=subject-page,"美剧,美国,2014,剧情,医学,电视剧,医疗,看过的电视剧",3942
百年酒馆,9.3,https://movie.douban.com/subject/26719562/?from=subject-page,"美剧,黑色幽默,美国,喜剧,LouisC.K.,电视剧,2016,LouisCK",22795
双峰 第一季,9.0,https://movie.douban.com/subject/1295526/?from=subject-page,"美剧,大卫·林奇,悬疑,美国,DavidLynch,犯罪,电视剧,1990",14773
利器,8.3,https://movie.douban.com/subject/26252279/?from=subject-page,"美剧,悬疑,HBO,犯罪,美国,惊悚,2018,小说改编",27394
罪夜之奔,8.7,https://movie.douban.com/subject/20558374/?from=subject-page,"美剧,犯罪,HBO,悬疑,美国,剧情,2016,人性",39978
女人帮,7.7,https://movie.douban.com/subject/2077469/?from=subject-page,"美剧,女人帮,Cashmere,女性,看过的电视剧,Mafia,美国,成功女人",8324
吸血鬼日记 第一季,8.4,https://movie.douban.com/subject/3646523/?from=subject-page,"美剧,Vampire,吸血鬼,吸血鬼日记,爱情,美国,电视剧,CW",95070
星际迷航：发现号 第三季,,https://movie.douban.com/subject/30473976/?from=subject-page,"科幻,美剧,星际迷航,StarTrek,太空,经典,美国,时空",
使女的故事 第四季,,https://movie.douban.com/subject/34699655/?from=subject-page,"使女的故事,美剧,女性,反乌托邦,美国,剧情,Hulu,自由",
星际旅行-原初-第2季第26集,9.0,https://movie.douban.com/subject/6530985/?from=subject-page,"科幻,美国,TOS,StarTrek,TV,1960s,电视剧,ST",43
为全人类 第二季,,https://movie.douban.com/subject/34858104/?from=subject-page,"科幻,太空,美剧,剧情,美国,科幻电视剧,罗纳德·D·摩尔,乔尔·金纳曼",
星际旅行：深空九号 第七季,9.1,https://movie.douban.com/subject/20395361/?from=subject-page,"科幻,美剧,StarTrek,美国,电视剧,深空九号,星际迷航,星际旅行",102
星际旅行：动画版 第二季,9.0,https://movie.douban.com/subject/6815924/?from=subject-page,"动画,科幻,美国,1974,星际迷航,StarTrek,电视剧,童年回忆",110
星际旅行：下一代 第二季,9.1,https://movie.douban.com/subject/10527299/?from=subject-page,"科幻,StarTrek,美剧,星际迷航,美国,星际旅行,电视剧,1980s",304
伦敦生活 第一季,8.7,https://movie.douban.com/subject/26838164/?from=subject-page,"英剧,黑色幽默,英国,女性,BBC,喜剧,生活,人性",113984
黑镜 第一季,9.4,https://movie.douban.com/subject/7054120/?from=subject-page,"英剧,黑色幽默,人性,英国,黑暗系,科幻,BBC,电视剧",293527
巴比伦5号：十字军,,https://movie.douban.com/subject/1941403/?from=subject-page,"科幻,美剧,美国电影,美国,电视剧,Babylon5,科幻_电视剧,SciFi",
梅尔罗斯,9.0,https://movie.douban.com/subject/26985973/?from=subject-page,"英剧,卷福,英国,人性,BenedictCumberbatch,剧情,2018,电视剧",79203
是，首相 第一季,9.8,https://movie.douban.com/subject/1441948/?from=subject-page,"英剧,政治讽刺剧,BBC,英国,喜剧,政治,电视剧,黑色幽默",17360
德雷尔一家 第一季,9.1,https://movie.douban.com/subject/26594369/?from=subject-page,"英剧,家庭,英国,温情,生活,自然,剧情,画质赞爆",24567
是，大臣  第一季,9.7,https://movie.douban.com/subject/4937405/?from=subject-page,"英剧,政治讽刺剧,BBC,喜剧,英国,政治,黑色幽默,电视剧",25632
布莱克书店 第一季,9.1,https://movie.douban.com/subject/1482132/?from=subject-page,"英剧,喜剧,英国,BBC,情景喜剧,荒诞,电视剧,黑色幽默",45617
了不起的麦瑟尔夫人 第四季,,https://movie.douban.com/subject/34914769/?from=subject-page,"女性,美剧,喜剧,美国,必看,2020,脱口秀,电视剧",
流言 第一季,7.4,https://movie.douban.com/subject/1951485/?from=subject-page,"美剧,Dirt,看过的电视剧,美国,莫尼卡,电视剧,英语标签,Monica",3416
绝命毒师  第五季,9.6,https://movie.douban.com/subject/6952149/?from=subject-page,"美剧,犯罪,毒品,美国,剧情,人性,AMC,致命毒师",105149
真爱如血  第二季,8.2,https://movie.douban.com/subject/3686352/?from=subject-page,"美剧,吸血鬼,HBO,Vampire,看过的电视剧,美国,电视剧,英语标签",12572
丑女贝蒂 第一季,7.8,https://movie.douban.com/subject/1889299/?from=subject-page,"美剧,喜剧,Betty,励志,美国,Ugly,电视剧,看过的电视剧",19573
星际旅行：下一代 第四季,9.3,https://movie.douban.com/subject/11498795/?from=subject-page,"科幻,美剧,StarTrek,美国,星际迷航,电视剧,星际旅行,startrek",226
初代吸血鬼 第一季,7.9,https://movie.douban.com/subject/22027619/?from=subject-page,"美剧,吸血鬼,Vampire,美国,看过的电视剧,CW,2013,电视剧",14485
超人动画版 第三季,9.2,https://movie.douban.com/subject/26593324/?from=subject-page,"DC,动画,超人,美国,科幻,动作,推理,惊悚",78
神探加杰特 第二季,8.6,https://movie.douban.com/subject/19971756/?from=subject-page,"动画,美国,童年,童年回忆,美国动画,动画片,经典,1985",479
星际旅行：深空九号 第二季,9.1,https://movie.douban.com/subject/19961357/?from=subject-page,"科幻,美剧,StarTrek,美国,星际旅行,电视剧,星际迷航,1990s",132
巴比伦5号 第四季,,https://movie.douban.com/subject/10590739/?from=subject-page,"科幻,美剧,剧情,美国,星际,巴比伦5号,科幻_电视剧,电视剧",
星际旅行-原初-第2季第14集,,https://movie.douban.com/subject/6530957/?from=subject-page,"科幻,StarTrek,TOS,美国,1960s,美剧,电视剧,悬疑",
星际旅行：下一代 第七季,9.2,https://movie.douban.com/subject/19944315/?from=subject-page,"科幻,美剧,StarTrek,星际迷航,星际旅行,电视剧,美国,1990s",201
星际旅行：原初 第三季,9.3,https://movie.douban.com/subject/6360305/?from=subject-page,"科幻,startrek,美剧,星际迷航,美国,经典,电视剧,1960s",579
方舟2号,8.1,https://movie.douban.com/subject/1937692/?from=subject-page,"科幻,童年回忆,美剧,美国,童年,经典,电视剧,剧集",406
小不列颠  第一季,8.7,https://movie.douban.com/subject/1440348/?from=subject-page,"英剧,BBC,喜剧,英国,恶搞,搞笑,电视剧,看过的电视剧",14364
屋事生非 第一季,8.7,https://movie.douban.com/subject/1784076/?from=subject-page,"英剧,喜剧,英国,黑色幽默,电视剧,1999,UK,西蒙·佩吉",4522
摩登情爱 第二季,,https://movie.douban.com/subject/34869760/?from=subject-page,"美剧,爱情,2020,美国,追ing,Amazon,剧情,喜剧",
相对无言 第一季,8.9,https://movie.douban.com/subject/26739358/?from=subject-page,"英剧,自闭症,BBC,英国,家庭,成长,心理,2016",2699
实习医生格蕾 第十七季,,https://movie.douban.com/subject/33442357/?from=subject-page,"美剧,医疗剧,ABC,美国,爱情,Grey'sAnatomy,2020,美国电视剧",
请讲普通话 第一季,9.3,https://movie.douban.com/subject/3890974/?from=subject-page,"uk,英剧,喜剧,英国,BBC,搞笑,1977,电视剧",6901
法律与秩序 第二十季,,https://movie.douban.com/subject/24721776/?from=subject-page,"美剧,美国,犯罪,罪案调查,看过的电视剧,律政,Order,Law",
神盾局特工 第一季,8.1,https://movie.douban.com/subject/19938222/?from=subject-page,"美剧,科幻,Marvel,美国,漫画改编,MARVEL,电视剧,2013",64393
加菲猫和他的朋友们 第三季,9.3,https://movie.douban.com/subject/24289181/?from=subject-page,"动画,美国,加菲猫,童年,美国动画,动画片,经典,喜剧",423
绿灯侠：动画版 第一季,8.1,https://movie.douban.com/subject/5324766/?from=subject-page,"动画,DC,绿灯侠,美国,科幻,美国动画,2011,超级英雄",440
新蝙蝠侠 第三季,8.7,https://movie.douban.com/subject/20451285/?from=subject-page,"DC,动画,蝙蝠侠,美国,Batman,超级英雄,美国动画,漫画改编",204
废柴舅舅 第一季,9.0,https://movie.douban.com/subject/25811267/?from=subject-page,"英剧,喜剧,BBC,英国,温情,2014,电视剧,看过的电视剧",34355
刺猬索尼克历险记,8.6,https://movie.douban.com/subject/3090047/?from=subject-page,"动画,美国,小神龙俱乐部,童年回忆,童年,美国动画,动画片,1993",967
非凡的公主希瑞 第二季,8.4,https://movie.douban.com/subject/27604096/?from=subject-page,"动画,美国,童年回忆,奇幻,1986,冒险,魔幻,欧美电视动画",105
变形金刚 第三季,8.9,https://movie.douban.com/subject/10831562/?from=subject-page,"动画,美国,变形金刚,童年,经典,1986,美国动画,童年回忆",671
星际旅行-原初-第3季第3集,,https://movie.douban.com/subject/6530989/?from=subject-page,"科幻,TOS,StarTrek,美国,1960s,爱情,TV,电视剧",
伴我双飞,8.5,https://movie.douban.com/subject/5401550/?from=subject-page,"英剧,喜剧,英国,bbc,看过的电视剧,英语标签,BBC,2010",4301
办公室笑云 第一季,8.4,https://movie.douban.com/subject/1428333/?from=subject-page,"英剧,BBC,喜剧,英国,MartinFreeman,电视剧,UK,comedy",2918
飞龙特工队,,https://movie.douban.com/subject/4303000/?from=subject-page,"科幻,美国,童年,经典,美剧,电视剧,1987,谁有资源",
神奇动物管理员 第一季,8.9,https://movie.douban.com/subject/1957935/?from=subject-page,"英剧,喜剧,BBC,英国,NoelFielding,奇幻,2004,搞笑",2554
美国犯罪故事 第四季,,https://movie.douban.com/subject/26995168/?from=subject-page,"美剧,真实事件改编,犯罪,美国,政治丑闻,悬疑,传记,电视剧",
IT狂人  第三季,9.4,https://movie.douban.com/subject/3345619/?from=subject-page,"英剧,喜剧,英国,BBC,电视剧,搞笑,2008,看过的电视剧",37744
家裂 第一季,8.4,https://movie.douban.com/subject/26955076/?from=subject-page,"英剧,BBC,女性,家庭,律政,英国,人性,2018",843
法国小馆儿 第一季,9.2,https://movie.douban.com/subject/1807476/?from=subject-page,"英剧,喜剧,BBC,英国,法国,电视剧,'Allo!,二战",2588
生活大爆炸 第七季,9.2,https://movie.douban.com/subject/21339708/?from=subject-page,"美剧,喜剧,生活大爆炸,美国,谢耳朵,2013,电视剧,CBS",71281
超胆侠 第一季,8.4,https://movie.douban.com/subject/25769160/?from=subject-page,"美剧,Netflix,Marvel,MARVEL,美国,动作,科幻,2015",17410
杰西卡·琼斯 第一季,7.5,https://movie.douban.com/subject/25769161/?from=subject-page,"美剧,Netflix,Marvel,漫画改编,科幻,美国,MARVEL,2015",10514
加菲猫和他的朋友们 第七季,9.1,https://movie.douban.com/subject/26730041/?from=subject-page,"动画,美国,美国动画,童年回忆,加菲猫,美剧,童年,1994",152
当心蝙蝠侠 第一季,7.5,https://movie.douban.com/subject/10600145/?from=subject-page,"DC,动画,蝙蝠侠,美国,漫画改编,2013,超级英雄,Batman",400
绿箭侠 第一季,7.4,https://movie.douban.com/subject/10527257/?from=subject-page,"美剧,动作,漫画改编,美国,DC,科幻,CW,2012",31111
米兰达：2014圣诞特辑,9.0,https://movie.douban.com/subject/26282681/?from=subject-page,"英剧,喜剧,BBC,英国,看过的电视剧,英语标签,2014,Miranda",4908
宇宙的巨人希曼 第一季,7.4,https://movie.douban.com/subject/1845562/?from=subject-page,"动画,美国,童年,希曼,美国动画,动画片,童年回忆,经典",9126
小不点 第二季,,https://movie.douban.com/subject/10528418/?from=subject-page,"动画,美国,1984,童年回忆,法国,日本,剧集,动画片",
小飞龙,8.8,https://movie.douban.com/subject/23068404/?from=subject-page,"动画,童年回忆,日本,日本动画,手塚治虫,经典,1972,童年",415
乐坛毒舌嗡嗡鸡 第一季,9.5,https://movie.douban.com/subject/10457795/?from=subject-page,"BBC,英国,英剧,爆笑,buzzcocks,喜剧,UK,quiz_show",1761
六贱客,8.7,https://movie.douban.com/subject/5244253/?from=subject-page,"MartinFreeman,英剧,BBC,喜剧,英国,喜剧/黑色幽默,电视剧,小自由",187
圣斗士星矢 冥王哈迪斯冥界篇 后章,8.7,https://movie.douban.com/subject/25903031/?from=subject-page,"日本,动画,圣斗士,日本动画,动漫,2006,车田正美,圣斗士星矢",1709
谎言屋 第五季,7.4,https://movie.douban.com/subject/26358021/?from=subject-page,"美剧,Showtime,美国,喜剧,咨询,2016,电视剧,搞笑",80
在外婆家 第一季,8.5,https://movie.douban.com/subject/5046042/?from=subject-page,"英剧,SimonAmstell,英国,喜剧,BBC,2010,家庭,UK",450
督察班克斯 第五季,7.8,https://movie.douban.com/subject/26857377/?from=subject-page,"英剧,英国,犯罪,罪案,ITV,悬疑,侦探,推理",76
重案组女警 第五季,8.3,https://movie.douban.com/subject/26774334/?from=subject-page,"英剧,ITV,英国,女性,罪案,2016,电视剧,犯罪",102
意外,,https://movie.douban.com/subject/34873711/?from=subject-page,"英剧,剧情,英国,电视剧,Channel4,2019,英劇,未看但弃",
小谢尔顿 第一季,9.2,https://movie.douban.com/subject/26910060/?from=subject-page,"美剧,喜剧,谢耳朵,生活大爆炸衍生剧,美国,家庭,儿童,衍生剧",68057
姬芮 第一季,7.6,https://movie.douban.com/subject/27621767/?from=subject-page,"英剧,人性,BBC,悬疑,英国,剧情,Channel4,英劇",101
老爸老妈的浪漫史 第五季,9.1,https://movie.douban.com/subject/3990479/?from=subject-page,"美剧,喜剧,美国,老爸老妈的浪漫史,2009,看过的电视剧,电视剧,爱情",25004
小不列颠  第三季,9.1,https://movie.douban.com/subject/4896289/?from=subject-page,"英剧,BBC,喜剧,英国,看过的电视剧,英语标签,恶搞,电视剧",3873
哥谭 第一季,8.4,https://movie.douban.com/subject/25733164/?from=subject-page,"美剧,DC,犯罪,蝙蝠侠,漫画改编,美国,FOX,2014",24626
大白鲸,8.1,https://movie.douban.com/subject/1883725/?from=subject-page,"动画,日本,日本动画,大白鲸,童年,童年回忆,动画片,怀旧",2575
神探加杰特 第一季,8.4,https://movie.douban.com/subject/1781597/?from=subject-page,"动画,神探加杰特,美国,童年,动画片,法国,童年回忆,加拿大",20874
海底小精灵 第一季,8.3,https://movie.douban.com/subject/1886965/?from=subject-page,"动画,美国,童年,动画片,比利时,卡通,经典,动漫",13990
聪明的小矮人,8.4,https://movie.douban.com/subject/2059858/?from=subject-page,"小神龙俱乐部,动画,聪明的小矮人,童年回忆,荷兰,童年,动画片,荷兰动画",1028
摩登家庭  第三季,9.5,https://movie.douban.com/subject/6729121/?from=subject-page,"美剧,喜剧,家庭,美国,ABC,2011,摩登家庭,电视剧",49011
佐罗,7.9,https://movie.douban.com/subject/2034166/?from=subject-page,"动画,美国,童年,童年回忆,佐罗,动画片,美国动画,1981",4732
我的电影人生,8.9,https://movie.douban.com/subject/2313851/?from=subject-page,"英剧,BBC,AndrewScott,英国,喜剧,电视剧,2004,comedy",478
罗宾森一家,8.3,https://movie.douban.com/subject/5063970/?from=subject-page,"MartinFreeman,英剧,BBC,喜剧,英国,UK,小自由,2005",246
超现实大学生活 第一季,8.7,https://movie.douban.com/subject/1756790/?from=subject-page,"英剧,英国,喜剧,BBC,UK,1980s,comedy,TV",231
蓝精灵 第一季,8.3,https://movie.douban.com/subject/1807959/?from=subject-page,"动画,童年,蓝精灵,美国,动画片,比利时,经典,童年回忆",39408
无辜者,7.4,https://movie.douban.com/subject/26848492/?from=subject-page,"英剧,悬疑,犯罪,推理,剧情,悬疑犯罪,英劇,2018",198
莫尔希德,,https://movie.douban.com/subject/26978250/?from=subject-page,"英剧,BBC,英国,真实改编,犯罪,电视剧,剧情,2017",
创伤,7.0,https://movie.douban.com/subject/27169056/?from=subject-page,"英剧,英国,人性,社会,ITV,医疗,剧情,2018",84
平凡的谎言 第二季,,https://movie.douban.com/subject/26896907/?from=subject-page,"英剧,BBC,剧情,英国电视剧,英国,UK,温情,英剧2",
内森·巴利,7.8,https://movie.douban.com/subject/1922315/?from=subject-page,"英剧,英国,BenedictCumberbatch,喜剧,BenWhishaw,UK,NoelFielding,comedy",195
卧底丑闻,7.0,https://movie.douban.com/subject/26555930/?from=subject-page,"英剧,BBC,英国,电视剧,悬疑,剧情,犯罪,谍战",104
康斯坦丁,7.7,https://movie.douban.com/subject/25741475/?from=subject-page,"美剧,魔幻,DC,漫画改编,奇幻,宗教,美国,灵异",14356
太空堡垒,9.1,https://movie.douban.com/subject/1807994/?from=subject-page,"动画,太空堡垒,日本,童年,科幻,经典,美国,日本动画",8291
我们这一天 第一季,9.5,https://movie.douban.com/subject/26794215/?from=subject-page,"美剧,温情,家庭,感动,生活,美国,喜剧,2016",128808
小不点 第一季,8.1,https://movie.douban.com/subject/1897851/?from=subject-page,"动画,美国,童年,童年回忆,动画片,小神龙俱乐部,美国动画,怀旧动画",2065
OZ国历险记,8.4,https://movie.douban.com/subject/2032212/?from=subject-page,"动画,绿野仙踪,加拿大,童年,童年回忆,动画片,日本,美国",9624
华斯比历险记,8.4,https://movie.douban.com/subject/1845617/?from=subject-page,"动画,美国,童年回忆,华斯比历险记,童年,小神龙俱乐部,动画片,美国动画",5398
故乡,7.7,https://movie.douban.com/subject/20285044/?from=subject-page,"英剧,AndrewScott,英国,ITV,悬疑,2012,莫娘,电视剧",593
蔬果村的故事,8.9,https://movie.douban.com/subject/2143850/?from=subject-page,"动画,日本,日本动画,童年回忆,蔬果村的故事,童年,小神龙俱乐部,动画片",4689
拉曼查的堂·吉诃德,7.7,https://movie.douban.com/subject/1871150/?from=subject-page,"动画,西班牙,童年,堂·吉诃德,童年回忆,动画片,西班牙动画,卡通",4129
神父特德 第一季,8.7,https://movie.douban.com/subject/1756797/?from=subject-page,"英剧,喜剧,英国,爱尔兰,BBC,comedy,电视剧,UK",341
黑暗救赎,7.6,https://movie.douban.com/subject/10766141/?from=subject-page,"英剧,BBC,AndrewScott,ChristopherEccleston,英国,犯罪,2012,剧情",199
窥视秀 第一季,8.7,https://movie.douban.com/subject/2111535/?from=subject-page,"英剧,英国,喜剧,黑色幽默,comedy,Channel4,2003,uk",549
Q版猫和老鼠,9.3,https://movie.douban.com/subject/2138382/?from=subject-page,"动画,美国,猫和老鼠,经典,童年,动画片,喜剧,卡通",42412
The Armando Iannucci Shows,,https://movie.douban.com/subject/5132564/?from=subject-page,"英剧,英国,喜剧,UK,TV,黑色幽默,腐国黑,ArmandoIannucci",
荒唐阿姨 第一季,8.7,https://movie.douban.com/subject/1460722/?from=subject-page,"英剧,喜剧,BBC,英国,UK,comedy,1992,TV",187
疯狂的生活 第一季,7.8,https://movie.douban.com/subject/4720220/?from=subject-page,"英剧,BBC,喜剧,英国,UK,Comedy,电视剧,2007",92
火眼金睛,,https://movie.douban.com/subject/5109527/?from=subject-page,"英剧,喜剧,ChrisMorris,英国,TV,1997,电视剧,1990s",
我是艾伦·帕特奇 第一季,8.4,https://movie.douban.com/subject/1875340/?from=subject-page,"英剧,英国,喜剧,BBC,SteveCoogan,Steve_Coogan,搞笑,1997",109
特种部队：美国英雄,8.4,https://movie.douban.com/subject/1797744/?from=subject-page,"动画,美国,特种部队,童年回忆,童年,美国动画,动画片,1983",2544
宇宙骑士,9.0,https://movie.douban.com/subject/1779379/?from=subject-page,"动画,日本,宇宙骑士,日本动画,童年,科幻,经典,童年回忆",11632
魔神坛斗士,8.7,https://movie.douban.com/subject/1456202/?from=subject-page,"动画,日本,日本动画,童年,经典,动漫,1988,魔幻",16758
神勇小白鼠,7.7,https://movie.douban.com/subject/1897802/?from=subject-page,"动画,英国,童年,神勇小白鼠,童年回忆,动画片,英国动画,童年记忆",2579
保持对话,7.4,https://movie.douban.com/subject/6816287/?from=subject-page,"英剧,悬疑,英国,ITV,犯罪,2011,EmilyWatson,电视剧",398
秀逗魔导士,8.8,https://movie.douban.com/subject/1766522/?from=subject-page,"动画,日本动画,日本,秀逗魔导士,动漫,童年,搞笑,童年回忆",10318
格林 第一季,7.5,https://movie.douban.com/subject/5966523/?from=subject-page,"美剧,魔幻,奇幻,格林,美国,NBC,电视剧,2011",13052
真身追缉,7.6,https://movie.douban.com/subject/4819118/?from=subject-page,"英剧,AidanGillen,犯罪,英国,罪案,ITV,悬疑,KeeleyHawes",340
猫怪麦克,9.2,https://movie.douban.com/subject/1968581/?from=subject-page,"动画,日本,猫怪麦克,日本动画,童年,童年回忆,童年　回忆　动画片,动漫",7542
暴力辛迪加 第一季,8.1,https://movie.douban.com/subject/10554870/?from=subject-page,"英剧,BBC,英国,2012,剧情,UK,电视剧,MatthewMcNulty",174
探案新窍门 第一季,,https://movie.douban.com/subject/2268847/?from=subject-page,"英剧,探案,推理,英国,SonychenReviews,tvseries,Sonychen,喜剧",
The Daleks,8.6,https://movie.douban.com/subject/6511714/?from=subject-page,"DoctorWho,英剧,科幻,英国,BBC,DW,剧集,电视剧",38
继续下去 第一季,,https://movie.douban.com/subject/4030574/?from=subject-page,"英剧,英国,UK,喜剧,TV,PeterCapaldi,电视剧,comedy",
奇 第一季,9.3,https://movie.douban.com/subject/2058936/?from=subject-page,"StephenFry,BBC,英剧,英国,喜剧,quizshow,Comedy,TV",193
老爹在战斗,,https://movie.douban.com/subject/1807457/?from=subject-page,"英剧,喜剧,BBC,英国,UK,二战,英国幽默,英劇",
窥视秀 第五季,9.2,https://movie.douban.com/subject/25911650/?from=subject-page,"英剧,喜剧,英国,RobertWebb,DavidMitchell,2007,黑色幽默,TV",82
魔神英雄传,8.8,https://movie.douban.com/subject/1860528/?from=subject-page,"ANIME,动画,日本,日本动画,童年,童年回忆,魔神英雄传,动漫",32748
旅途 第一季,7.7,https://movie.douban.com/subject/5393676/?from=subject-page,"英剧,英国,BBC,喜剧,美食,2010,UK,英国电影",201
脱线新生,,https://movie.douban.com/subject/4023391/?from=subject-page,"英剧,英国,BBC,成长,英国及英联邦,UK,Campus,2009",
森林好小子,8.8,https://movie.douban.com/subject/1794793/?from=subject-page,"动画,日本,日本动画,森林好小子,搞笑,童年,经典,动漫",12632
毛富利，世界上最后一只树袋熊,8.3,https://movie.douban.com/subject/1957878/?from=subject-page,"动画,西班牙,毛富利－－世界上最后一只树袋熊,动画片,童年回忆,童年,童年记忆,西班牙动画",983
癫狂之旅 第一季,7.8,https://movie.douban.com/subject/5332679/?from=subject-page,"英剧,JohnSimm,英国,悬疑,BBC,MarcWarren,2011,PhilipGlenister",1147
出走五昼夜 第一季,6.4,https://movie.douban.com/subject/2268242/?from=subject-page,"英剧,悬疑,hbo,英国,Sonychen,UK,SonychenReviews,歐洲片",65
十三号仓库 第一季,7.6,https://movie.douban.com/subject/3075282/?from=subject-page,"美剧,科幻,美国,看过的电视剧,2009,Syfy,电视剧,warehouse",6904
呼救,7.3,https://movie.douban.com/subject/20276245/?from=subject-page,"英剧,悬疑,BBC,英国,AidanGillen,犯罪,2013,迷你剧",375
世纪末救世主传说 北斗神拳,8.3,https://movie.douban.com/subject/1481825/?from=subject-page,"动画,日本,北斗神拳,日本动画,童年,暴力,童年回忆,动漫",9457
行将就木 第一季,,https://movie.douban.com/subject/1807466/?from=subject-page,"英剧,BBC,喜剧,UK,TV,Paul_Merton,1990s,（待下",
圣斗士星矢,8.8,https://movie.douban.com/subject/3443967/?from=subject-page,"动画,日本,圣斗士,日本动画,童年,经典,动漫,童年回忆",45772
九曲丧钟,,https://movie.douban.com/subject/10752515/?from=subject-page,"英剧,推理,英国,探案,小说改编,UK,TV,1974",
爱的牵绊,6.5,https://movie.douban.com/subject/10549429/?from=subject-page,"英剧,ITV,2012,英国,爱情,RobJames-Collier,剧情,电视剧",231
巨蟒剧团之飞翔的马戏团 第四季,9.2,https://movie.douban.com/subject/6790953/?from=subject-page,"喜剧,英剧,英国,MontyPython,BBC,Monty_Python,电视剧,Comedy",77
要命 第一季,8.1,https://movie.douban.com/subject/26901267/?from=subject-page,"英剧,喜剧,英国,电视剧,2016,剧情,Channel4,UK\Ireland",69
法庭上的鲁波尔,,https://movie.douban.com/subject/2074570/?from=subject-page,"英剧,法律,英国,律政,电视剧,英式风情,古典推理,uk",
别出去 第一季,8.5,https://movie.douban.com/subject/2256543/?from=subject-page,"英剧,BBC,喜剧,Comedy,英国,类型-情绪-喜剧,国家-英国,剧集-英剧",62
无辜计划 第一季,,https://movie.douban.com/subject/3011530/?from=subject-page,"英剧,BBC,Oliver,Treadaway,James,青春,电视剧,电影",
年轻时代,,https://movie.douban.com/subject/4246793/?from=subject-page,"英剧,喜剧,青春,英语的标签,英国,看过的电视剧,电视剧,想",
慵懒上班族,,https://movie.douban.com/subject/4023389/?from=subject-page,"英剧,UK,BBC,英国,UK/Ireland,2000s,剧,tv",
芒洛医生 第一季,8.2,https://movie.douban.com/subject/6008457/?from=subject-page,"英剧,医务,英国,ITV,2011,电视剧,医疗剧,剧情",186
W1A 第一季,8.1,https://movie.douban.com/subject/25853039/?from=subject-page,"英剧,BBC,喜剧,英国,Comedy,DavidTennant,UK,2014",163
我与琼斯太太 第一季,7.7,https://movie.douban.com/subject/19971533/?from=subject-page,"英剧,RobertSheehan,BBC,英国,喜剧,2012,电视剧,UK",302
灵书妙探 第一季,8.1,https://movie.douban.com/subject/3193078/?from=subject-page,"美剧,犯罪,Castle,探案,美国,ABC,罪案,看过的电视剧",11331
若草四姐妹,8.8,https://movie.douban.com/subject/1950570/?from=subject-page,"动画,日本动画,小妇人,童年回忆,日本,童年,动画片,动漫",2130
圣斗士星矢：冥王哈迪斯十二宫篇,9.1,https://movie.douban.com/subject/1868519/?from=subject-page,"动画,圣斗士,日本,日本动画,经典,动漫,童年,动画片",11349
异形庇护所(网络剧),7.0,https://movie.douban.com/subject/2123628/?from=subject-page,"美剧,科幻,看过的电视剧,异形庇护所,美国,英语的标签,电视剧,英语标签",685
阿加莎·瑞森探案集 试播集,7.4,https://movie.douban.com/subject/26291444/?from=subject-page,"英剧,英国,推理,探案,2014,悬疑,电视剧,犯罪",109
乔治·詹特利探案 第四季,8.9,https://movie.douban.com/subject/11627151/?from=subject-page,"英剧,英国,BBC,犯罪,侦探,MartinShaw,LeeIngleby,推理",146
幽灵冬至,5.9,https://movie.douban.com/subject/26609547/?from=subject-page,"英剧,英国,惊悚,灵异,宗教,悬疑,剧情,ITV",133
正义与否,7.8,https://movie.douban.com/subject/6516946/?from=subject-page,"英剧,律政,英国,犯罪,itv,法律,2011,懸疑",201
彼得·温西爵爷探案,7.8,https://movie.douban.com/subject/2139201/?from=subject-page,"英剧,推理,英国,BBC,悬疑,侦探,多萝西塞耶斯,1987",125
十三级台阶 第一季,6.1,https://movie.douban.com/subject/11604156/?from=subject-page,"英剧,悬疑,ITV,LukeTreadaway,英国,2012,UK,驚悚",180
The Old Guys,,https://movie.douban.com/subject/3601453/?from=subject-page,"英剧,BBC,老家伙们,喜剧,英国,喜剧/黑色幽默,英国电影,电视剧",
督察班克斯 第二季,7.9,https://movie.douban.com/subject/24718827/?from=subject-page,"英剧,罪案,悬疑,英国,ITV,侦探,破案,电视剧",119
英伦88,8.7,https://movie.douban.com/subject/7056417/?from=subject-page,"英剧,英国,青春,UK,Channel4,2011,电视剧,ShaneMeadows",623
英伦86,8.2,https://movie.douban.com/subject/5279666/?from=subject-page,"英剧,英国,青春,UK,2010,channel4,英伦,ShaneMeadows",1087
结婚、单身、其他,8.6,https://movie.douban.com/subject/4314196/?from=subject-page,"英剧,爱情,英国,ITV,电视剧,2009,UK,生活",1055
苏格兰懒汉,,https://movie.douban.com/subject/2297158/?from=subject-page,"DavidTennant,英剧,英国,Comedy,bbc,BBC,uk,tvseries",
星期五晚餐 第二季,8.5,https://movie.douban.com/subject/20472685/?from=subject-page,"英剧,喜剧,英国,UK,Channel4,搞笑,2012,Comedy",329
女婿乱入 第一季,6.6,https://movie.douban.com/subject/19958325/?from=subject-page,"英剧,BBC,喜剧,AndySamberg,英国,2012,UK,Comedy",420
罗宾汉大冒险,8.2,https://movie.douban.com/subject/2059477/?from=subject-page,"动画,日本动画,日本,童年回忆,童年,罗宾汉的大冒险,罗宾汉,动画片",1862
幽游白书,8.9,https://movie.douban.com/subject/1465792/?from=subject-page,"动画,富坚义博,日本,幽游白书,日本动画,动漫,经典,热血",19278
怪杰佐罗,8.3,https://movie.douban.com/subject/3093154/?from=subject-page,"动画,日本动画,日本,童年回忆,童年,佐罗,zorro,动漫",2593
小妇人,8.8,https://movie.douban.com/subject/3016185/?from=subject-page,"动画,日本,日本动画,名著改编,童年回忆,动漫,经典,动画片",290
神秘花园,8.8,https://movie.douban.com/subject/2378712/?from=subject-page,"动画,日本,日本动画,童年回忆,秘密花园,童年,动画片,1991",2215
阿加莎·瑞森探案集 第一季,7.5,https://movie.douban.com/subject/26817115/?from=subject-page,"英剧,乡村,探案,推理,英国,侦探,罪案,电视剧",166
乔治·詹特利探案 第五季,8.8,https://movie.douban.com/subject/11624745/?from=subject-page,"英剧,BBC,英国,LeeIngleby,探案,推理,侦探,电视剧",146
案藏旧事,6.7,https://movie.douban.com/subject/6862452/?from=subject-page,"英剧,BBC,悬疑,英国,PhilipGlenister,迷你剧,电视剧,2011",105
我们的身份,8.1,https://movie.douban.com/subject/2314120/?from=subject-page,"英剧,英国,UK,社会,種族,911,muslim,channel4",93
阿加莎·克里斯蒂悬疑剧场,7.9,https://movie.douban.com/subject/5121576/?from=subject-page,"阿加莎·克里斯蒂,悬疑,推理,英剧,英国,AgathaChristie,犯罪,经典",173
新生六居客 第一季,7.5,https://movie.douban.com/subject/6854437/?from=subject-page,"英剧,青春,英国,喜剧,Channel4,2011,电视剧,UK",1568
中间人 第一季,7.8,https://movie.douban.com/subject/3067825/?from=subject-page,"英剧,青春,英国,喜剧,BBC,UK,inbetweeners,电视剧",1437
皮囊 第二季,9.1,https://movie.douban.com/subject/3245060/?from=subject-page,"英剧,青春,Skins,英国,电视剧,看过的电视剧,2008,UK",30990
英国电视四台 女王,,https://movie.douban.com/subject/4192505/?from=subject-page,"英剧,BBC,Channel4,传记,英国,documentary,宫廷戏,纪录片",
肯尼迪一家,8.6,https://movie.douban.com/subject/26630487/?from=subject-page,"英剧,英国,喜剧,BBC,家庭,搞笑,KatherineParkinson,电视剧",257
在外婆家 第二季,8.9,https://movie.douban.com/subject/10605984/?from=subject-page,"英剧,SimonAmstell,BBC,英国,喜剧,2012,UK,电视剧",237
教子有方 第二季,9.3,https://movie.douban.com/subject/21264322/?from=subject-page,"英剧,喜剧,英国,BBC,家庭,搞笑,全剧终,ClaireSkinner",46
伴郎,7.9,https://movie.douban.com/subject/3258442/?from=subject-page,"英剧,英国,RichardCoyle,悬疑,BBC,TobyStephens,同志,UK",66
拜贱爹妈,6.6,https://movie.douban.com/subject/11443869/?from=subject-page,"英剧,喜剧,2012,UK,英国,类型-情绪-喜剧,Comedy,电视台-Sky1",71
冤家搭档 第二季,6.9,https://movie.douban.com/subject/10454514/?from=subject-page,"英剧,BBC,喜剧,英国,犯罪,TobyStephens,电视剧,2012",175
玛雅历险记,9.0,https://movie.douban.com/subject/2988881/?from=subject-page,"动画,日本,童年回忆,日本动画,童年,拇指姑娘,玛雅历险记,动漫",1138
莎士比亚与哈撒韦：私人调查员 第一季,7.8,https://movie.douban.com/subject/30156740/?from=subject-page,"英剧,喜剧,侦探,BBC,英国,2018,罪案,推理",97
忍者小英雄,8.7,https://movie.douban.com/subject/2268727/?from=subject-page,"动画,日本,日本动画,童年,忍者小英雄,童年回忆,炒面大胃王,经典",906
摩斯探长 第四季,,https://movie.douban.com/subject/25723414/?from=subject-page,"英剧,推理,探案,Morse,侦探,英国,ITV,犯罪",
很久很久以前,8.9,https://movie.douban.com/subject/2246738/?from=subject-page,"动画,韩国,很久很久以前,韩国动画,童年,童年回忆,童年的记忆,动画片",4546
小红帽恰恰,8.8,https://movie.douban.com/subject/1876319/?from=subject-page,"动画,日本动画,小红帽恰恰,日本,童年,童年回忆,小时候看过的东西怀念,动漫",3298
小小外星人,9.2,https://movie.douban.com/subject/1871163/?from=subject-page,"动画,日本动画,童年回忆,小小外星人,日本,童年,童年的回忆,动画片",2295
皮囊 第五季,7.4,https://movie.douban.com/subject/5387003/?from=subject-page,"英剧,Skins,青春,英国,看过的电视剧,英语标签,2011,电视剧",5778
迷宫,6.1,https://movie.douban.com/subject/6874329/?from=subject-page,"英剧,英国,历史,TomFelton,SebastianStan,2012,宗教,史诗",721
伦敦女孩 第一季,8.3,https://movie.douban.com/subject/20366071/?from=subject-page,"英剧,青春,喜剧,BBC,校园,英国,2012,UK",1430
星期五晚餐 第三季,8.4,https://movie.douban.com/subject/25911110/?from=subject-page,"英剧,喜剧,英国,Channel4,UK,Comedy,2014,电视剧",235
童话,7.4,https://movie.douban.com/subject/3006720/?from=subject-page,"BBC,英剧,英国,名著改编,童话,2008,fairytales,电视剧",488
玛丽·布莱恩特的奇险旅程,7.9,https://movie.douban.com/subject/1865033/?from=subject-page,"英剧,BBC,英国,JackDavenport,RomolaGarai,澳大利亚,Romola.Garai,英国电影",115
赤子之心,8.5,https://movie.douban.com/subject/4816214/?from=subject-page,"英剧,英国,BBC,传记,MatthewMacfadyen,剧情,电视剧,Channel4",657
情靡半生,7.5,https://movie.douban.com/subject/4418747/?from=subject-page,"英剧,BBC,英国,爱情,BilliePiper,剧情,2010,UK",416
秘密,6.6,https://movie.douban.com/subject/25980460/?from=subject-page,"英剧,BBC,英国,看过的电视剧,英语标签,剧情,2014,迷你剧",427
军情五处 第二季,8.3,https://movie.douban.com/subject/11636396/?from=subject-page,"英剧,BBC,MatthewMacfadyen,英国,间谍,spooks,电视剧,特工",205
宇宙小毛球,8.2,https://movie.douban.com/subject/3160917/?from=subject-page,"动画,日本动画,日本,童年回忆,童年,宇宙小毛球,动画片,动漫",2338
天堂岛疑云 第四季,8.1,https://movie.douban.com/subject/25883967/?from=subject-page,"英剧,犯罪,推理,BBC,悬疑,英国,探案剧,电视剧",253
伦敦大火,6.2,https://movie.douban.com/subject/25918780/?from=subject-page,"英剧,英国,历史,剧情,电视剧,ITV,2014,灾难",160
孙悟空大冒险,8.3,https://movie.douban.com/subject/2154391/?from=subject-page,"动画,日本,手塚治虫,日本动画,童年,童年回忆,动画片,新魔界大冒险",991
无声的证言 第二季,,https://movie.douban.com/subject/10727033/?from=subject-page,"英剧,罪案,犯罪,BBC,英国,法医学,法医,推理",
法律与秩序(英版) 第七季,7.6,https://movie.douban.com/subject/24721790/?from=subject-page,"英剧,英国,法律,律政,电视剧,犯罪,法律与秩序,ITV",70
火星上的小老鼠,9.0,https://movie.douban.com/subject/1871589/?from=subject-page,"动画,德国,童年回忆,动画片,童年,火星上的冒险家,怀旧,卡通",6074
瑜伽熊记,7.9,https://movie.douban.com/subject/1781630/?from=subject-page,"动画,美国,CARTOONNETWORK,瑜伽熊,美国动画,童年,童年回忆,动画片",1737
德克斯特的实验室 第一季,8.9,https://movie.douban.com/subject/1889320/?from=subject-page,"动画,德克斯特的实验室,美国,童年,美国动画,幽默,科幻,喜剧",14042
星期五晚餐 第一季,8.0,https://movie.douban.com/subject/5996742/?from=subject-page,"英剧,喜剧,英国,Channel4,BBC,UK,2011,Comedy",590
艾德温·德鲁德之谜,6.7,https://movie.douban.com/subject/6874320/?from=subject-page,"英剧,狄更斯,BBC,英国,名著改编,悬疑,2012,FreddieFox",251
荒凉山庄,8.5,https://movie.douban.com/subject/1470619/?from=subject-page,"BBC,英剧,名著改编,狄更斯,英国,经典,电视剧,2005",2572
福塞特世家 第一季,7.7,https://movie.douban.com/subject/1760417/?from=subject-page,"英剧,BBC,英国,名著改编,DamianLewis,福塞特世家,RupertGraves,名著改编片",225
平凡的谎言 第一季,8.1,https://movie.douban.com/subject/26022254/?from=subject-page,"英剧,剧情,英国,BBC,人性,平凡中的小爆发,2015,家庭",490
肥瑞的疯狂日记 第一季,8.8,https://movie.douban.com/subject/20514845/?from=subject-page,"英剧,青春,喜剧,英国,成长,看过的电视剧,2013,电视剧",12247
剑桥风云,8.4,https://movie.douban.com/subject/1441871/?from=subject-page,"英剧,BBC,间谍,英国,看过的电视剧,英语标签,同志,电视剧",2251
不得安宁,7.8,https://movie.douban.com/subject/19961360/?from=subject-page,"英剧,BBC,间谍,看过的电视剧,英国,悬疑,英语标签,2012",2106
真爱故事,7.1,https://movie.douban.com/subject/6874315/?from=subject-page,"英剧,bbc,爱情,英国,2012,文艺,剧情,TV",2844
战火家园 第一季,8.4,https://movie.douban.com/subject/26379180/?from=subject-page,"英剧,二战,英国,剧情,战争,女性,二戰,2015",218
猫狗宠物街,8.2,https://movie.douban.com/subject/1940359/?from=subject-page,"动画,日本动画,日本,猫狗宠物街,童年,童年回忆,动画片,动漫",1528
婚纱小天使,7.8,https://movie.douban.com/subject/2127381/?from=subject-page,"动画,日本动画,日本,婚纱小天使,童年回忆,童年,动漫,TVB",2173
谁在撒谎 第二季,,https://movie.douban.com/subject/27176708/?from=subject-page,"英剧,犯罪,悬疑,ITV,人性,2019,剧集,艾恩·格拉法德",
纸牌屋 第三季,8.7,https://movie.douban.com/subject/3010944/?from=subject-page,"英剧,政治,BBC,英国,电视剧,1995,剧情,UK",859
蒂博雷的牧师 第五季,8.7,https://movie.douban.com/subject/24882548/?from=subject-page,"英剧,RichardArmitage,喜剧,英国,KeeleyHawes,电视剧,UK,RA",105
我的一家人 第五季,8.8,https://movie.douban.com/subject/19945724/?from=subject-page,"英剧,BBC,英国,喜剧,家庭,2004,电视剧,剧集",45
骇人命案事件簿 第十九季,8.0,https://movie.douban.com/subject/27601058/?from=subject-page,"英剧,推理,英国,探案,悬疑,罪案,2016,长寿剧",74
女房客,7.5,https://movie.douban.com/subject/1471536/?from=subject-page,"BBC,英剧,名著改编,英国,爱情,RupertGraves,UK,TobyStephens",702
秘密间谍,6.7,https://movie.douban.com/subject/26266002/?from=subject-page,"英剧,间谍,BBC,剧情,英国,电视剧,犯罪,悬疑",45
米德镇的春天,7.8,https://movie.douban.com/subject/1308099/?from=subject-page,"BBC,英国,英剧,名著改编,米德镇的春天,英国电影,名著改编片,爱情",465
富贵浮云,8.3,https://movie.douban.com/subject/1892417/?from=subject-page,"英剧,BBC,英国,宫廷王室贵族,历史,名著改编,宫廷,女性",2850
鼹鼠的故事,9.3,https://movie.douban.com/subject/2994961/?from=subject-page,"animation,动画,捷克,鼹鼠的故事,童年,经典,童年回忆,动画片",33959
丹尼尔的半生缘,7.7,https://movie.douban.com/subject/1461874/?from=subject-page,"BBC,英剧,英国,名著改编,爱情,HughDancy,英国电影,名著改编片",2163
无法呼吸,7.9,https://movie.douban.com/subject/25739505/?from=subject-page,"英剧,英国,JackDavenport,医务,ITV,2013,剧情,爱情",761
锦绣佳人,8.4,https://movie.douban.com/subject/1307376/?from=subject-page,"BBC,英剧,英国,名著改编,锦绣佳人,爱情,英国电影,古裝西片情意結",9384
Love Matters,,https://movie.douban.com/subject/23492369/?from=subject-page,"英剧,英国,爱情,Sky,Katherine,201*,搞笑,喜剧",
边缘之舞,7.8,https://movie.douban.com/subject/10515064/?from=subject-page,"英剧,MatthewGoode,BBC,英国,看过的电视剧,英语标签,2013,电视剧",1564
心战,8.0,https://movie.douban.com/subject/25732665/?from=subject-page,"英剧,BBC,间谍,悬疑,英国,TomHughes,2014,迷你剧",821
留痕 第一季,7.6,https://movie.douban.com/subject/34910555/?from=subject-page,"英剧,英国,探案,罪案,电视剧,2019,犯罪,悬疑",109
史迈利的人马,9.1,https://movie.douban.com/subject/1438243/?from=subject-page,"英剧,史迈利三部曲,间谍,英国,BBC,勒卡雷,悬疑,AlecGuinness",442
锅匠，裁缝， 士兵，间谍,8.8,https://movie.douban.com/subject/1438520/?from=subject-page,"英剧,BBC,间谍,英国,悬疑,1979,勒卡雷,英国电影",2488
荣耀之女,8.0,https://movie.douban.com/subject/24843403/?from=subject-page,"英剧,BBC,政治,看过的电视剧,英国,英语标签,MaggieGyllenhaal,2014",1630
探长薇拉 第七季,8.7,https://movie.douban.com/subject/26990594/?from=subject-page,"英剧,推理,悬疑,英国,ITV,罪案,犯罪,2017",246
灰飞烟灭 第三季,8.9,https://movie.douban.com/subject/4848108/?from=subject-page,"英剧,BBC,悬疑,英国,KeeleyHawes,警匪,犯罪,PhilipGlenister",57
相信我 第一季,7.4,https://movie.douban.com/subject/27108984/?from=subject-page,"英剧,BBC,悬疑,惊悚,心理,剧情,英国,2017",356
乔治·詹特利探案 第八季,8.8,https://movie.douban.com/subject/26959080/?from=subject-page,"英剧,BBC,MartinShaw,罪案,侦探,英国,LeeIngleby,推理",89
无声的证言 第十三季,8.3,https://movie.douban.com/subject/5341812/?from=subject-page,"英剧,法医,BBC,英国,犯罪,推理,罪案,电视剧",60
一切安好 第一季,7.5,https://movie.douban.com/subject/27035425/?from=subject-page,"英剧,BBC,英国,短剧,短片,电视剧,2017,英劇",123
小羽毛海蒂 第一季,8.1,https://movie.douban.com/subject/26423158/?from=subject-page,"英剧,英国,励志,BBC,剧情,英劇,美剧,英美剧",81
隐情 第一季,,https://movie.douban.com/subject/27664515/?from=subject-page,"英剧,犯罪,悬疑,BBC,探案,英国,剧情,悬疑犯罪",
名利场,8.0,https://movie.douban.com/subject/1578664/?from=subject-page,"BBC,名著改编,英国,英剧,名利场,经典,英国电影,Vanity",1510
艾玛,8.4,https://movie.douban.com/subject/3610967/?from=subject-page,"英剧,BBC,简·奥斯汀,名著改编,英国,爱情,JaneAusten,Emma",21380
理智与情感,8.2,https://movie.douban.com/subject/2035007/?from=subject-page,"BBC,英剧,简·奥斯汀,英国,名著改编,理智与情感,爱情,JaneAusten",15633
南方与北方,9.2,https://movie.douban.com/subject/1439487/?from=subject-page,"英剧,BBC,爱情,英国,名著改编,经典,英国电影,名著改编片",53167
百年乡情 第一季,8.6,https://movie.douban.com/subject/19935831/?from=subject-page,"英剧,BBC,英国,看过的电视剧,英语标签,历史,剧情,2013",2937
彭伯利谋杀案,6.6,https://movie.douban.com/subject/24722793/?from=subject-page,"英剧,BBC,看过的电视剧,英国,MatthewGoode,英语标签,傲慢与偏见,2013",1948
巴切斯特传,8.4,https://movie.douban.com/subject/1484066/?from=subject-page,"AlanRickman,英剧,BBC,英国,文学,电视剧,NigelHawthorne,老头",227
革命见证人,9.2,https://movie.douban.com/subject/3022624/?from=subject-page,"AlanRickman,英剧,英国,政治,英国电影,AR,剧情,UK",56
荒郊疑云 第一季,7.0,https://movie.douban.com/subject/25812156/?from=subject-page,"英剧,BBC,推理,罪案,犯罪,英国,2014,看过的电视剧",271
幸福谷 第三季,,https://movie.douban.com/subject/27044303/?from=subject-page,"英剧,犯罪,英国,英劇,电视剧,悬疑,待追,人性",
狼厅,8.7,https://movie.douban.com/subject/25823904/?from=subject-page,"英剧,历史,BBC,英国,都铎王朝,小说改编,电视剧,2015",4189
堕落 第一季,7.8,https://movie.douban.com/subject/10570197/?from=subject-page,"英剧,犯罪,BBC,悬疑,英国,看过的电视剧,英语标签,2013",3404
摩斯探长 第一季,8.1,https://movie.douban.com/subject/2061809/?from=subject-page,"英剧,推理,英国,探案,悬疑,ITV,犯罪,1987",421
重任在肩 第六季,,https://movie.douban.com/subject/27062703/?from=subject-page,"英剧,犯罪,悬疑,BBC,英国,反腐,警察,剧情",
镯来运转 第二季,,https://movie.douban.com/subject/26944604/?from=subject-page,"英剧,英国,科幻,2017,电视剧,欧美剧,犯罪,marvel",
军情五处 第十季,7.9,https://movie.douban.com/subject/6862456/?from=subject-page,"英剧,BBC,英国,spooks,间谍,谍战,特工,电视剧",76
傲慢与偏见,9.2,https://movie.douban.com/subject/1301174/?from=subject-page,"傲慢与偏见,BBC,英国,经典,英剧,爱情,名著改编,ColinFirth",99200
德伯家的苔丝,8.4,https://movie.douban.com/subject/3123230/?from=subject-page,"英剧,BBC,名著改编,英国,苔丝,爱情,名著,2008",15982
探长薇拉 第八季,8.9,https://movie.douban.com/subject/27664622/?from=subject-page,"英剧,悬疑,犯罪,罪案,探案侦查,ITV,推理,英國",306
战地神探 第八季,8.9,https://movie.douban.com/subject/25784297/?from=subject-page,"英剧,侦探,犯罪,推理,ITV,悬疑,英国,MichaelKitchen",94
双城记,7.9,https://movie.douban.com/subject/1778850/?from=subject-page,"BBC,名著改编,英国,英剧,经典,英国电影,狄更斯,Tale",310
最后的粉红豹,6.9,https://movie.douban.com/subject/26427452/?from=subject-page,"英剧,犯罪,剧情,2015,英国,罪案剧,电视剧,UK\Ireland",85
玛赛拉 第二季,8.1,https://movie.douban.com/subject/26992532/?from=subject-page,"英剧,悬疑,犯罪,ITV,2018,剧情,英国,UK",215
周三剧场,,https://movie.douban.com/subject/4086914/?from=subject-page,"英国,英剧,肯·洛奇,英国电影,1964,1960s,docudrama,UK",
解密高手,8.1,https://movie.douban.com/subject/2340440/?from=subject-page,"英剧,犯罪,推理,BBC,心理,英国,刑侦.推理.悬疑.心理,电视剧",149
老妈 第二季,,https://movie.douban.com/subject/30159427/?from=subject-page,"英剧,BBC,2018,幽默,Comedy,英国,你们在哪找到资源？,LesleyManville",
女上位,,https://movie.douban.com/subject/2132052/?from=subject-page,"英剧,comedy,Sonychen,uk,tvseries,SonychenReviews,drama,英国电视连续剧",
骇人命案事件簿 第十八季,,https://movie.douban.com/subject/26702744/?from=subject-page,"英剧,英国,犯罪,推理,悬疑,侦探,UK,TV",
逃脱大师,8.5,https://movie.douban.com/subject/21334996/?from=subject-page,"英剧,犯罪,BBC,法律,英国,DavidTennant,2013,看过的电视剧",7230
维兰德 第一季,8.2,https://movie.douban.com/subject/3310987/?from=subject-page,"英剧,BBC,犯罪,悬疑,TomHiddleston,瑞典,英国,KennethBranagh",3477
路德 第一季,8.3,https://movie.douban.com/subject/3871785/?from=subject-page,"英剧,BBC,犯罪,罪案,英国,推理,探案,电视剧",1362
幸福谷 第一季,8.7,https://movie.douban.com/subject/25872158/?from=subject-page,"英剧,犯罪,BBC,英国,悬疑,看过的电视剧,英语标签,2014",1966
远大前程,7.7,https://movie.douban.com/subject/6717148/?from=subject-page,"英剧,BBC,狄更斯,名著改编,英国,看过的电视剧,英语标签,2011",8436
探长薇拉 第一季,8.1,https://movie.douban.com/subject/6307748/?from=subject-page,"英剧,探案,英国,推理,犯罪,悬疑,BBC,女性",570
尘封旧案 第二季,7.4,https://movie.douban.com/subject/24714617/?from=subject-page,"英剧,BBC,犯罪,罪案,英国,电视剧,JasonIsaacs,2013",209
军情五处：代号9,7.0,https://movie.douban.com/subject/3179701/?from=subject-page,"英剧,BBC,英国,2008,电视剧,英国制造,UK/Ireland,TV",207
简爱,8.2,https://movie.douban.com/subject/1900885/?from=subject-page,"BBC,名著改编,英国,英剧,爱情,经典,Jane,英国电影",11384
设得兰谜案 第一季,7.5,https://movie.douban.com/subject/11535134/?from=subject-page,"英剧,BBC,悬疑,英国,犯罪,推理,探案,2013",402
骇人命案事件簿 第八季,,https://movie.douban.com/subject/10535241/?from=subject-page,"英剧,犯罪,推理,探案,英国,悬疑,罪案,侦探",
复仇者 第一季,8.6,https://movie.douban.com/subject/1827733/?from=subject-page,"英剧,英国,复仇者,犯罪,喜剧,电视剧,cult,动作",97
战地神探 第一季,8.6,https://movie.douban.com/subject/1779347/?from=subject-page,"英剧,推理,英国,侦探,悬疑,ITV,犯罪,JamesMcAvoy",402
大祸临头 第四季,8.5,https://movie.douban.com/subject/26840170/?from=subject-page,"英剧,喜剧,英国,2019,美剧,电视剧,爱情,Comedy",119
探长薇拉 第九季,8.8,https://movie.douban.com/subject/30395636/?from=subject-page,"英剧,推理,英国,罪案,悬疑,探案侦查,电视剧,ITV",260
阿加莎·瑞森探案集 第二季,7.5,https://movie.douban.com/subject/30341780/?from=subject-page,"英剧,喜剧,犯罪,探案,英国,悬疑,电视剧,侦探",69
摩斯探长 第三季,8.0,https://movie.douban.com/subject/25719340/?from=subject-page,"英剧,推理,探案,Morse,侦探,犯罪,英国,1989",63
哈利法克斯最后的探戈 第三季,7.5,https://movie.douban.com/subject/26292151/?from=subject-page,"英剧,BBC,家庭,英国,剧情,DerekJacobi,2014,电视剧",147
临阵软脚 第一季,7.8,https://movie.douban.com/subject/1767269/?from=subject-page,"英剧,英国,喜剧,UK,人生,comedy,drama,tvseries",227
约翰·里弗,8.6,https://movie.douban.com/subject/26630488/?from=subject-page,"英剧,悬疑,BBC,犯罪,英国,2015,英劇,剧情",648
心之旷野 第一季,8.5,https://movie.douban.com/subject/2062987/?from=subject-page,"英剧,南非,英国,大草原,tvseries,itv,hallmark,drama",67
堕落 第二季,8.3,https://movie.douban.com/subject/25894298/?from=subject-page,"英剧,犯罪,看过的电视剧,英语标签,BBC,英国,2014,剧情",1981
追影逐凶,8.2,https://movie.douban.com/subject/25862323/?from=subject-page,"英剧,看过的电视剧,英语标签,犯罪,悬疑,ReeceShearsmith,英国,ITV",1529
失踪 第一季,8.4,https://movie.douban.com/subject/25955813/?from=subject-page,"英剧,悬疑,BBC,犯罪,看过的电视剧,英语标签,英国,美剧",1690
骨迹寻真,7.4,https://movie.douban.com/subject/3114758/?from=subject-page,"英剧,BBC,考古,英国,骨迹寻真,剧情,电视剧,历史",504
终极特警  第三季,7.4,https://movie.douban.com/subject/6900122/?from=subject-page,"英剧,反恐,动作,战争,英国,犯罪,SAS,电视剧",116
巴比伦饭店 第四季,7.7,https://movie.douban.com/subject/3801682/?from=subject-page,"英剧,BBC,看过的电视剧,英语标签,英国,星级酒店,酒店,电视剧",1576
三个侦探 第一季,8.8,https://movie.douban.com/subject/1907540/?from=subject-page,"英国,侦探,英剧,童年回忆,电视剧,经典,悬疑,科幻",384
青年吉米哈利,7.6,https://movie.douban.com/subject/7067705/?from=subject-page,"英剧,BBC,英国,吉米·哈利,电视剧,传记,UK,2011",74
维兰德 第三季,8.6,https://movie.douban.com/subject/10546825/?from=subject-page,"英剧,BBC,犯罪,悬疑,英国,瑞典,KennethBranagh,2012",1540
重返人生 第一季,7.6,https://movie.douban.com/subject/33435744/?from=subject-page,"英剧,英国,BBC,丧,2019,电视剧,喜剧,剧情",147
布朗神父 第二季,8.1,https://movie.douban.com/subject/25807325/?from=subject-page,"英剧,BBC,推理,英国,侦探,电视剧,犯罪,英式谋杀",369
牧师神探 第一季,7.4,https://movie.douban.com/subject/25955038/?from=subject-page,"英剧,英国,ITV,悬疑,推理,探案,犯罪,2014",881
我的一家人 第八季,,https://movie.douban.com/subject/19945727/?from=subject-page,"英剧,喜剧,BBC,2008,家庭,英国,电视剧,sitcom",
乔治·詹特利探案 第一季,8.5,https://movie.douban.com/subject/3932913/?from=subject-page,"英剧,悬疑,BBC,英国,推理,侦探,侦探剧,探案",290
你想让我怎样,7.8,https://movie.douban.com/subject/1931311/?from=subject-page,"DylanMoran,英剧,英国,喜剧,UK,Dylan_Moran,1998,电视剧",194
骇人命案事件簿 第三季,8.5,https://movie.douban.com/subject/27205180/?from=subject-page,"英剧,探案,推理,悬疑,英国,长寿剧,1999,itv",80
街区 第一季,8.6,https://movie.douban.com/subject/2085437/?from=subject-page,"英剧,BBC,英国,剧情,人生,JimmyMcGovern,UK,TV",121
玛赛拉 第一季,7.4,https://movie.douban.com/subject/26762225/?from=subject-page,"英剧,悬疑,犯罪,英国,推理,ITV,2016,探案",566
路德 第五季,7.5,https://movie.douban.com/subject/27068691/?from=subject-page,"英剧,犯罪,BBC,英国,悬疑,电视剧,UK,2019",216
克兰弗德 第二季,9.0,https://movie.douban.com/subject/3989080/?from=subject-page,"英剧,BBC,英国,名著改编,古典,迷你剧,TomHiddleston,JudiDench",1916
三一学院,6.7,https://movie.douban.com/subject/3212357/?from=subject-page,"英剧,看过的电视剧,英语的标签,青春,英国,英语标签,悬疑,ITV",477
公众之敌,6.9,https://movie.douban.com/subject/10430888/?from=subject-page,"英剧,BBC,2012,英国,剧集-英剧,电视剧,Joe_Armstrong,剧情",59
无影无踪,,https://movie.douban.com/subject/3058988/?from=subject-page,"英剧,英国,电视剧,UK/Ireland,TV,犯罪,剧情,没兴趣，请不要反复推荐了",
女囚犯 第一季,8.8,https://movie.douban.com/subject/1918655/?from=subject-page,"英剧,les,英国,女性,犯罪,电视剧,监狱,同性",361
路德  第二季,8.4,https://movie.douban.com/subject/6537560/?from=subject-page,"英剧,BBC,犯罪,英国,悬疑,2011,IdrisElba,RuthWilson",665
一键解忧,7.7,https://movie.douban.com/subject/27119572/?from=subject-page,"英剧,喜剧,英国,2018,英国喜剧,DavidTennant,电视剧,搞笑",413
飞天大盗  第七季,9.1,https://movie.douban.com/subject/5908471/?from=subject-page,"英剧,BBC,犯罪,英国,看过的电视剧,hustle,2011,电视剧",5854
好警察,7.7,https://movie.douban.com/subject/10529070/?from=subject-page,"英剧,BBC,犯罪,英国,警匪,法律,2012,电视剧",119
战火家园 第二季,8.8,https://movie.douban.com/subject/26436154/?from=subject-page,"英剧,二战,女性,英国,BBC,战火家园,ITV,2016",100
福尔摩斯历险记,9.6,https://movie.douban.com/subject/1476254/?from=subject-page,"英剧,福尔摩斯,推理,英国,经典,悬疑,电视剧,JeremyBrett",9094
主仆轶事 第一季,9.3,https://movie.douban.com/subject/5108086/?from=subject-page,"英剧,喜剧,BBC,英国,黑色幽默,主仆轶事,1988,电视剧",418
幻术大师 第一季,9.2,https://movie.douban.com/subject/2148322/?from=subject-page,"英剧,推理,悬疑,英国,BBC,犯罪,电视剧,bbc",355
斯蒂尔传奇 第一季,8.2,https://movie.douban.com/subject/1472142/?from=subject-page,"美剧,皮尔斯·布鲁斯南,侦探,童年回忆,电视剧,美国,喜剧,经典",794
俘获玛丽,7.8,https://movie.douban.com/subject/2287158/?from=subject-page,"英国,MaggieSmith,BBC,英国电影,英剧,女性,2007,DavidWilliams",266
探长德里克,8.8,https://movie.douban.com/subject/1765221/?from=subject-page,"德国,神探德里克,德剧,电视剧,探案,经典,推理,德国电视剧",153
万能管家 第三季,9.4,https://movie.douban.com/subject/6510999/?from=subject-page,"英剧,喜剧,StephenFry,HughLaurie,英国,电视剧,ITV,BBC",1170
呼叫助产士 第二季,9.3,https://movie.douban.com/subject/20513354/?from=subject-page,"英剧,BBC,英国,温情,女性,电视剧,2013,时代剧",804
时空逆境,7.1,https://movie.douban.com/subject/3890373/?from=subject-page,"英剧,看过的电视剧,科幻,BBC,英语的标签,英语标签,英国,2009",204
指匠情挑,8.9,https://movie.douban.com/subject/1417051/?from=subject-page,"英国,BBC,les,英剧,爱情,女性,英国电影,Lesbian",66029
医者心 1909,,https://movie.douban.com/subject/3800694/?from=subject-page,"英剧,BBC,英国,UK,2009,医生,医务,TomHughes",
婚姻的肖像,8.3,https://movie.douban.com/subject/1906686/?from=subject-page,"英国,BBC,传记,les,女性,英剧,爱情,英国电影",279
雀起乡到烛镇 第二季,8.9,https://movie.douban.com/subject/4312208/?from=subject-page,"英剧,BBC,乡村,英国,名著改编,古典,电视剧,剧情",1030
星星,9.0,https://movie.douban.com/subject/27625691/?from=subject-page,"同性,LGBT,阿根廷剧,阿根廷,美女,Les,女性,lesbian",65
救世杀机2：血债血偿,8.1,https://movie.douban.com/subject/3296314/?from=subject-page,"英剧,BBC,犯罪,悬疑,英国,惊悚,电视剧,Messiah",365
内鬼,7.5,https://movie.douban.com/subject/6874316/?from=subject-page,"英剧,BBC,犯罪,悬疑,英国,迷你剧,2012,剧情",736
心理追凶  第三季,8.7,https://movie.douban.com/subject/6126797/?from=subject-page,"英剧,犯罪,心理,悬疑,英国,推理,ITV,电视剧",1112
马普和露西亚,8.3,https://movie.douban.com/subject/25878805/?from=subject-page,"英剧,BBC,英国,喜剧,迷你剧,乡村,2014,电视剧",441
天堂岛疑云 第一季,8.4,https://movie.douban.com/subject/6804960/?from=subject-page,"英剧,推理,BBC,英国,探案,犯罪,悬疑,喜剧",1162
火星叔叔马丁 第一季,8.2,https://movie.douban.com/subject/1962810/?from=subject-page,"科幻,喜剧,美国,美剧,火星人马丁叔叔,童年回忆,电视剧,童年",1051
新贵 第二季,9.3,https://movie.douban.com/subject/27126232/?from=subject-page,"英剧,喜剧,BBC,英国,莎士比亚,Shakespeare,2017,Comedy",958
波洛的失败,8.4,https://movie.douban.com/subject/5122138/?from=subject-page,"阿加莎·克里斯蒂,推理,悬疑,俄罗斯,阿加莎克里斯蒂,犯罪,俄剧,侦探",278
神探亨特,8.2,https://movie.douban.com/subject/1857872/?from=subject-page,"美剧,童年回忆,警匪,美国,电视剧,看过的电视剧,英语标签,1984",4649
狄仁杰断案传奇,8.9,https://movie.douban.com/subject/4160349/?from=subject-page,"狄仁杰,悬疑,推理,国产电视剧,古装,经典,电视剧,中国",853
重返伊甸园,7.8,https://movie.douban.com/subject/1902707/?from=subject-page,"正大剧场,美剧,澳大利亚,电视剧,童年记忆,美国,童年回忆,重返伊甸园",869
雀起乡到烛镇 第四季,8.9,https://movie.douban.com/subject/5914577/?from=subject-page,"英剧,BBC,乡村,英国,古典,小说改编,名著改编,电视剧",465
莎拉·简大冒险 第一季,7.9,https://movie.douban.com/subject/2068322/?from=subject-page,"英剧,科幻,英国,bbc,DoctorWho,DW,神秘博士,电视剧",219
安检,8.6,https://movie.douban.com/subject/34454209/?from=subject-page,"LGBT,同性,波兰,Les,爱情,波兰剧,姬,高颜值",635
逆女,8.0,https://movie.douban.com/subject/1940037/?from=subject-page,"les,台湾,逆女,同志,电视剧,台剧,同性,连续剧",2179
Las Aparicio,7.9,https://movie.douban.com/subject/4831214/?from=subject-page,"墨西哥,LES,西班牙电影,LGBT,同志,lesbian,女性,les",45
马来卡 第一季,8.7,https://movie.douban.com/subject/24695458/?from=subject-page,"荷兰,同性,电视剧,les,荷兰剧,LES,护士,姬",119
克拉丽莎,6.9,https://movie.douban.com/subject/1457818/?from=subject-page,"BBC,名著改编,英国,英剧,Clarissa,英国电影,克拉丽莎,文学",113
酷儿们,9.0,https://movie.douban.com/subject/27032266/?from=subject-page,"英剧,LGBT,BBC,英国,同性,2017,同志,电视剧",7153
摩斯探长前传 第二季,9.4,https://movie.douban.com/subject/24849982/?from=subject-page,"英剧,推理,悬疑,英国,犯罪,ITV,ShaunEvans,看过的电视剧",7840
重案组女警 第一季,7.9,https://movie.douban.com/subject/6521852/?from=subject-page,"英剧,英国,ITV,犯罪,重案组女警,罪案,悬疑,推理",354
印度之夏 第一季,7.9,https://movie.douban.com/subject/26327337/?from=subject-page,"英剧,印度,英国,BBC,2015,电视剧,历史,剧情",430
编辑部的故事,8.9,https://movie.douban.com/subject/2154390/?from=subject-page,"情景喜剧,电视剧,经典,国产电视剧,大陆,喜剧,中国,1992",30043
大侦探波洛 第十三季,9.4,https://movie.douban.com/subject/24530511/?from=subject-page,"英剧,阿加莎·克里斯蒂,推理,悬疑,波洛,英国,看过的电视剧,英语标签",3934
哑女检察官,8.0,https://movie.douban.com/subject/1902709/?from=subject-page,"美剧,美国,经典,怀旧经典,童年回忆,电视剧,法庭,犯罪",183
主仆轶事 第三季,9.3,https://movie.douban.com/subject/27076824/?from=subject-page,"英剧,电视剧,BBC,英国,喜剧,黑色幽默,主仆轶事,Comedy",131
侠骨柔情 第一季,8.5,https://movie.douban.com/subject/2070003/?from=subject-page,"美剧,当年很喜欢，还想再看,童年回忆,怀旧经典,怀旧,美国,电视剧,1980s",95
高楼轶事,8.9,https://movie.douban.com/subject/2075727/?from=subject-page,"高楼轶事,德国,喜剧,小时候看的电视剧,怀旧,童年,奇幻,电视剧",266
罗马三贱客 第二季,8.6,https://movie.douban.com/subject/26035475/?from=subject-page,"英剧,喜剧,英国,ITV,搞笑,2014,电视剧,UK",586
老爸我弯的 第一季,7.2,https://movie.douban.com/subject/26585236/?from=subject-page,"同性,加拿大,Les,电视剧,女性,LGBT,青春,爱情",74
玛雅,7.3,https://movie.douban.com/subject/30287940/?from=subject-page,"同性,印度剧,印度,Les,LGBTQ,LES,2018,LGBTQIAPD",72
根,8.6,https://movie.douban.com/subject/1308723/?from=subject-page,"美剧,美国,人性,经典,电视剧,看过的电视剧,英语标签,1977",1307
除了我以外 第三季,6.3,https://movie.douban.com/subject/22287337/?from=subject-page,"Les,同性,美剧,美国,电视剧,2011,美国电影,爱情",51
29岁的忧郁，30岁的天堂,7.7,https://movie.douban.com/subject/3320031/?from=subject-page,"日剧,les,日本,同志,同性,女性,爱情,清水美砂",288
线上恋爱,,https://movie.douban.com/subject/26877076/?from=subject-page,"同性,电视剧,泰国,Les,泰剧,les,LOVE,2016",
禁止的爱,8.5,https://movie.douban.com/subject/2988749/?from=subject-page,"德国,德剧,电视剧,同志,德国电视剧,同性,OAC,gay",338
布莱切利四人组 第二季,8.4,https://movie.douban.com/subject/24745449/?from=subject-page,"英剧,推理,悬疑,英国,女性,侦探,看过的电视剧,ITV",8398
请喜欢我 第四季,9.1,https://movie.douban.com/subject/26810226/?from=subject-page,"看过的电视剧,同性,英语标签,澳大利亚,澳剧,LGBT,喜剧,2016",2054
